ID,Time_units
1,hours
2,hours
3,hours
4,hours
5,hours
6,hours
7,hours
8,hours
9,hours
10,hours
11,hours
12,hours
13,hours
14,hours
15,hours
16,hours
17,hours
18,hours
19,hours
20,hours
21,mins
22,mins
23,mins
24,mins
25,mins
26,mins
27,mins
28,mins
29,mins
30,mins
31,mins
32,mins
33,mins
34,mins
35,mins
36,mins
37,mins
38,mins
39,mins
40,mins
41,mins
42,mins
43,mins
44,mins
45,hours
46,hours
47,hours
48,hours
49,hours
50,hours
51,hours
52,hours
53,hours
54,hours
55,hours
56,hours
57,hours
58,hours
59,hours
60,hours
61,hours
62,hours
68,hours
69,hours
70,hours
71,hours
72,hours
73,hours
74,hours
75,hours
76,hours
77,hours
78,hours
79,hours
80,hours
81,hours
82,hours
83,hours
84,hours
85,hours
86,hours
87,hours
88,hours
89,hours
90,hours
91,hours
92,hours
93,hours
94,hours
95,hours
96,hours
97,hours
98,hours
99,hours
100,hours
101,hours
102,hours
103,hours
104,hours
105,hours
106,hours
107,hours
108,hours
109,hours
110,hours
111,hours
112,hours
113,hours
114,hours
115,hours
116,hours
117,hours
118,hours
119,hours
120,hours
121,hours
122,hours
123,hours
124,hours
125,hours
126,mins
127,hours
131,hours
132,hours
133,hours
134,hours
135,hours
136,hours
137,hours
138,hours
139,hours
140,hours
141,hours
173,hours
174,hours
175,seconds
176,seconds
177,seconds
178,seconds
179,seconds
180,mins
181,mins
182,mins
183,mins
184,mins
185,mins
186,mins
187,mins
188,mins
189,mins
190,mins
191,mins
192,hours
193,hours
194,hours
195,hours
196,hours
197,seconds
198,seconds
199,seconds
200,seconds
201,hours
202,hours
203,hours
204,hours
205,hours
206,hours
207,hours
208,hours
209,hours
210,hours
211,hours
212,hours
213,hours
214,hours
215,hours
216,hours
217,hours
218,hours
219,hours
220,hours
221,hours
222,hours
223,hours
224,hours
225,hours
226,hours
227,hours
228,hours
229,hours
230,hours
231,hours
232,hours
233,hours
234,hours
235,hours
236,hours
237,hours
238,hours
239,hours
240,hours
241,hours
242,hours
243,hours
244,hours
245,hours
250,mins
251,mins
252,mins
253,mins
254,hours
255,hours
256,hours
257,hours
258,hours
259,hours
260,hours
261,hours
262,hours
263,hours
264,hours
265,hours
267,hours
268,hours
269,hours
270,hours
271,hours
272,hours
273,hours
274,hours
275,hours
276,hours
277,hours
278,hours
279,hours
280,hours
281,hours
282,hours
283,hours
284,hours
285,hours
286,hours
287,hours
288,hours
289,hours
290,hours
291,hours
292,hours
293,hours
294,hours
295,hours
296,hours
297,hours
298,hours
299,hours
300,hours
301,hours
302,hours
303,hours
304,hours
305,hours
306,hours
308,hours
309,hours
310,hours
311,hours
312,hours
313,hours
314,hours
315,hours
316,hours
317,hours
